"dj_id","br_id","title","published_date","view_count","like_count"
4723,"-0MoCENw8OQ","Kink Boiler Room London LIVE Show","2012-11-19",306516,2769
8294,"-2RT-McQvo0","Derek Plaslaiko Boiler Room Berlin 12 Hour DJ Set","2014-09-09",54818,591
9784,"-7ISLMC2Gk4","Tobias. Boiler Room Berlin Live Set","2014-09-08",50561,447
18442,"-AOHABbyM7Q","K15 'Bordeaux (Kaidi Tatham remix)' - Boiler Room DEBUTS","2014-06-04",16237,174
8192,"-ISMnHfY9Qs","Tropic of Cancer Boiler Room LIVE Show","2013-10-01",49053,447
14502,"-m2CmFHdkSs","Bok Bok B2B Teki Latex Boiler Room Paris DJ Set","2014-03-11",17049,106
1880,"-utJyV-3S_8","2562 \"Drumroll\" - Boiler Room Debuts","2014-10-16",6761,48
6073,"-wpPnzfrLpw","Shifted 'Under A Single Banner' - Boiler Room DEBUTS","2013-11-11",6161,49
1415,"-z1tW7yXFvk","Cosmin TRG b2b Efdemin 110 min Boiler Room Berlin DJ Set","2012-09-05",38482,309
12252,"-z1tW7yXFvk","Cosmin TRG b2b Efdemin 110 min Boiler Room Berlin DJ Set","2012-09-05",38482,309
17858,"-zr5sa2QAQk","Richy Ahmed Boiler Room Ibiza DJ Set","2014-08-29",99709,437
12258,"03Y27qBl8Js","Rone Boiler Room LIVE Show / Nuits Sonores Festival","2013-06-10",524062,3550
308,"09etK9_8vnc","Legowelt Boiler Room & Ballantine's Stay True DJ Set Poland","2014-12-02",30458,319
13599,"0EX18zMgGig","Tama Sumo Boiler Room Berlin DJ Set","2013-04-30",106232,544
15463,"0F-iTlSttQk","Young Marco Boiler Room Mix London","2012-12-10",24295,146
4142,"0OE3pwL36zk","Midland Boiler Room x Dekmantel Festival DJ Set","2015-09-15",32764,320
16276,"0QmGRIS8JqI","Adam X Boiler Room Berlin DJ Set","2013-03-11",71745,510
10657,"0R3V_0tXgxk","Pablo Valentino Boiler Room Lyon DJ set","2015-08-28",8098,110
14547,"0RIU0cy6L1I","Hunee Boiler Room x Dekmantel Festival DJ Set","2015-09-17",77928,807
18615,"0RJ6B5TjKTw","italojohnson Boiler Room Berlin DJ Set","2013-05-31",42514,327
6073,"0RRzjN9PfaE","Shifted Boiler Room DJ Set/ Nuits Sonores","2013-05-20",104692,914
3216,"0Vhghtv7yq4","Mano Le Tough 55 min Boiler Room Berlin DJ Set","2012-09-10",173498,1026
26190,"0y_0yhMOxAc","Josey Rebelle Boiler Room London Room 1 5th Birthday DJ Set","2015-12-16",1982,28
17671,"0zaRUkqzs2k","Ben UFO b2b Jackmaster b2b Oneman 3 hour Boiler Room 1st Birthday DJ Set","2012-10-31",37844,155
25315,"0zaRUkqzs2k","Ben UFO b2b Jackmaster b2b Oneman 3 hour Boiler Room 1st Birthday DJ Set","2012-10-31",37844,155
743,"17dJIJ0o2Sg","PBR Streetgang Boiler Room London DJ Set","2015-12-03",2649,49
34210,"17XTZnzHhk4","Julia Holter 'Horns Surrounding Me' Boiler Room LIVE Show","2013-12-17",9900,48
14502,"1ebudVhN-Yk","Bok Bok Boiler Room DJ Set ft. Flirta D, Rhimez & MC Shaga","2013-07-22",21297,160
1358,"1kuPnJcHcoc","Octave One \"Afterglow\" - Boiler Room Debuts","2015-04-13",7759,142
10598,"1N1Drg_ViE4","The Martinez Brothers Boiler Room NYC DJ Set","2014-05-29",115015,604
4240,"1u7oXnDBP1g","Markus Suckut Boiler Room Berlin DJ Set","2014-12-16",26510,216
8639,"2bqvQz-9ftc","Heiko Laux 'Rowing' - Boiler Room Debuts","2014-11-12",6028,72
29480,"2eGuy8BcgsY","Lee Bannon Boiler Room London Live Set","2015-08-18",9979,126
19486,"2O8QWoBGpSM","Florian Kupfer \"Explora (Slave)\" - Boiler Room Debuts","2015-07-14",7517,118
20160,"2q1zO2rU-co","Max_M \"Slope\" - Boiler Room Debuts","2015-07-08",2280,49
10933,"2TvmzMU9oVo","Neville Watson 45 min Boiler Room DJ Set","2012-11-26",9942,77
515,"2wAzyxFA0zk","Derrick Carter Boiler Room Sydney Daytime DJ Set","2014-03-17",112511,571
328,"2wdEeWv7ny4","Peverelist 'Aztec Chant (Tessela Remix)' - Boiler Room Debuts","2014-09-16",13516,165
12002,"2YjUYFD81Jo","Maceo Plex Boiler Room DJ Set at Warehouse Project","2013-10-08",603865,3742
12805,"33v86QzWyrw","Anthony Parasole Boiler Room NYC DJ Set","2013-05-28",27816,147
209,"3CQR5hvAcfk","Eomac Boiler Room Berlin Live Set","2014-08-14",21228,185
26201,"3MDzi7A1Rz8","Volte-Face Boiler Room London DJ Set","2014-05-06",2484,20
337,"3Pc3EbKZxto","Deadbeat Boiler Room x Red Bull Music Academy DJ set at Mutek","2013-07-01",19125,158
12142,"3yVgsYxZhuc","Dewalta & Shannon Boiler Room Berlin Live Set","2015-04-21",11516,135
2996,"3Zy_i07dOKw","Soul Clap Boiler Room X Sugar Mountain DJ Set","2015-03-31",78910,472
1064,"40NCDTpv_OI","Laurent Garnier Boiler Room Dj Set at Warehouse Project Manchester","2013-02-05",743449,4351
515,"45nBi2gPSEU","Derrick Carter 45 min Boiler Room Mix","2012-12-07",205223,1529
4723,"46Z16F5yq34","Kink Boiler Room DJ Set at Warehouse Project","2013-10-25",27267,263
2480,"49uklpDVBtk","Ron Trent Boiler Room London 2 Hr DJ Set","2014-03-06",127253,782
10909,"4awcMrQ8dKI","Mike Dunn Boiler Room Chicago DJ Set","2015-05-20",50701,577
6282,"4DZA06ZHwC0","Danny Tenaglia Boiler Room NYC DJ Set","2015-12-10",9701,194
173,"4HIwkE1gtzc","Henrik Schwarz \"Leave My Head Alone Brain Seven\" - Boiler Room Debuts","2015-04-16",7746,122
4412,"4L4Q1Oj1ZdI","Dennis Ferrer Boiler Room NYC DJ Set","2014-03-17",193855,1124
22227,"4LOr1efgxm8","Wbeeza Boiler Room x Dimensions LIVE Show","2013-08-21",14300,120
13357,"4n4NRFZHn84","Redshape live in the Boiler Room Berlin","2012-10-31",108184,689
18425,"4qljzHND1OY","Âme 65 min Boiler Room Berlin DJ Set","2012-08-08",447115,2204
13266,"4SedKKObaPQ","Nitin Boiler Room DJ Set","2013-05-15",13118,83
10381,"4TErwhiObVo","Roy Davis Jr Boiler Room London DJ Set","2015-11-09",6818,159
12681,"4_Jk34-b_Jw","Buraka Som Sistema Boiler Room Lisboa DJ Set - Red Bull Music Academy Takeover","2013-02-21",720854,4507
2113,"50gH_6WpXvc","Scuba Boiler Room Berlin DJ Set","2015-09-18",57279,633
10739,"5RSZBJJ6yTo","Rob Mello 40 min Boiler Room Mix","2012-12-12",9455,68
11691,"5S6DxvUXW80","Cassegrain Boiler Room Berlin Live Set","2014-08-14",38973,413
12002,"5vHRUsP20dQ","Maceo Plex Boiler Room Berlin DJ Set","2014-10-13",3401174,18141
15496,"5VV-EoI_hi0","Andrew Weatherall B2B Ivan Smagghe Boiler Room DJ Set","2013-11-14",79487,387
15760,"5VV-EoI_hi0","Andrew Weatherall B2B Ivan Smagghe Boiler Room DJ Set","2013-11-14",79487,387
9012,"6B1AIBEdwPs","DJ Nature Boiler Room DJ Set","2013-03-27",34710,266
14502,"6btq8SG69-U","Bok Bok & Total Freedom Boiler Room London 5th Birthday DJ Set","2015-12-09",2931,73
26817,"6Cz6PkRs4QM","Octo Octa Boiler Room Los Angeles LIVE Show","2013-03-13",20049,229
10918,"6f5s6V616xE","Marco Shuttle Boiler Room DJ Set","2013-08-20",9335,67
18226,"6k-QF7P5y1I","Jonas Kopp Boiler Room Berlin DJ Set","2015-03-25",45699,354
10378,"6NVmWbQZ8yU","Gilles Peterson Boiler Room DJ set","2013-06-27",280632,1952
15619,"6SADzsDE_QU","Slam Boiler Room & Ballantine's Stay True Scotland Live Set","2015-06-18",16028,204
14717,"6TH4w1iuzaE","Alex.Do Boiler Room Berlin DJ Set","2014-10-07",107614,763
1413,"6THYS59l3rw","Doc Daneeka & Benjamin Damage 45 min Boiler Room Berlin DJ Set","2012-08-08",22467,135
1438,"6THYS59l3rw","Doc Daneeka & Benjamin Damage 45 min Boiler Room Berlin DJ Set","2012-08-08",22467,135
2896,"6WNYFao2DyU","Moomin Boiler Room DJ Set","2013-05-08",134557,1039
4710,"6_1NtSWhFFg","The Black Madonna Boiler Room Chicago DJ Set","2015-05-20",61591,487
10458,"765MOyUUyv4","Ryan Elliott 40 min Boiler Room DJ Set","2012-10-08",59604,253
823,"7agboWICa5Y","Huxley 'Long Summer Night' - Boiler Room Debuts","2013-12-05",42925,413
16782,"7B-5MRB_zNY","Kyle Hall 35 min Boiler Room Detroit DJ Set","2012-06-21",71783,465
26120,"7BbDM8Y8mH0","Barnt \"How Do I Know What Solutions X Form\" - Boiler Room Debut","2014-11-10",5143,61
16993,"7FDGY0UCoTc","Fort Romeau Boiler Room DJ Set","2013-03-15",35963,269
1430,"7gatn5bsaBc","Marcel Dettmann B2B Ryan Elliott Boiler Room Berlin DJ Set","2013-10-03",73309,562
10458,"7gatn5bsaBc","Marcel Dettmann B2B Ryan Elliott Boiler Room Berlin DJ Set","2013-10-03",73309,562
10598,"7J59dvHC8RE","The Martinez Brothers Boiler Room Ibiza DJ Set","2014-08-29",919977,3782
9099,"7jRw_ayZ1lU","Camea Boiler Room Berlin DJ Set","2015-11-10",6684,115
1835,"7lrUIH5JtOc","Sigha B2B shifted Boiler Room Berlin Dj Set","2014-04-01",127004,905
6073,"7lrUIH5JtOc","Sigha B2B shifted Boiler Room Berlin Dj Set","2014-04-01",127004,905
16924,"7LU18BJunVk","Dixon Boiler Room x Dekmantel x IR DJ Set","2015-07-03",252291,1843
3003,"7m0v5uOQ0XQ","Maya Jane Coles Boiler Room & Ballantine's Stay True Scotland DJ Set","2015-06-18",172884,1762
1406,"7sOfhNB3djA","Modeselektor \"50 Trees\" - Boiler Room Debuts","2015-08-19",5792,64
2528,"7t95dCTplWM","Boris Boiler Room Tokyo Live set","2014-07-07",11349,144
17833,"7v5xpR7-wX4","Horse Meat Disco Boiler Room London DJ Set","2014-06-25",131197,620
25263,"7xFQaJ4NFLQ","Dj Richard Boiler Room Berlin Dj Set","2014-03-12",17866,103
24605,"8-KdT-eU-QY","Hesseltime Boiler Room London DJ Set","2014-12-08",5859,39
24897,"81ETH8W7s0k","Cuthead Boiler Room Dresden Live Set","2015-12-18",11290,316
3094,"83ywADrnCLs","Wildkats Boiler Room DJ Set","2013-02-22",18206,106
4166,"89f1z2uIIAY","Peter Van Hoesen 'Seven, Green and Black - SCB Edit' - Boiler Room Debuts","2013-07-30",12398,124
9855,"8AGnnM0l50I","Discodromo Boiler Room Berlin DJ Set","2014-10-20",20701,148
6946,"8dmm_m2sPBY","Benedikt Frey Boiler Room Berlin DJ Set","2014-09-08",16834,113
14752,"8qfJcOqDOXE","Alec Empire Boiler Room Berlin LIVE Show","2013-02-05",174360,428
72,"8s86Z9aVhjM","Perc Boiler Room London DJ Set","2014-12-23",69060,639
23780,"8UQU4NFV4P4","Soundstream Boiler Room x Generator Berlin DJ Set","2015-08-17",49535,389
18974,"8YirM9HxRoM","&ME Boiler Room Berlin DJ Set","2014-01-17",168130,1006
13599,"93X7hnT0PcY","Tama Sumo Boiler Room x Dekmantel Festival DJ Set","2015-09-15",13203,100
10598,"94q9aetId7Y","The Martinez Borthers 'Do That Two (Yes Baby)' - Boiler Room Debuts","2014-10-29",11364,146
1415,"98ZaEjVrcm4","Cosmin TRG \"Narr Day (Remodulated)\" - Boiler Room Debuts","2015-10-05",3568,75
26378,"9alee607Pwc","Amy Becker Boiler Room London DJ Set","2014-08-31",18952,206
16999,"9CAz32FjGYc","Dauwd Boiler Room LIVE Show","2013-06-05",59274,602
10954,"9FhOj2t5vJw","Mike Dehnert \"Rewerk\" - Boiler Room Debuts","2015-08-03",5235,63
17132,"9JtTbx-hYWk","Black Coffee Boiler Room & Ballantine's Stay True South Africa DJ Set","2015-03-23",229523,1595
1415,"9M0jbvEaT_c","Cosmin TRG Boiler Room DJ Set","2014-01-16",32344,281
24471,"9qgvkvLOMHE","Plastician Boiler Room London Mix","2013-01-04",58443,559
26705,"9RjCBnAEym0","Krysko Boiler Room DJ Set at Warehouse Project","2013-12-20",15415,74
30751,"9sf2R4MMY_Y","DJ Nigga Fox Boiler Room X RBMA Lisboa DJ Set","2015-03-10",23684,214
10458,"9ukQXQypilc","Ryan Elliott Boiler Room Berlin Dj Set","2013-10-02",30026,152
10825,"9ZaDfjvvgsw","French Fries Boiler Room Paris DJ Set","2013-11-14",50426,327
19885,"A-TLmvADGGo","Palms Trax Boiler Room London Interview and DJ Set","2014-12-15",26802,215
2546,"a0bvkeErON8","Dan Ghenacia Boiler Room NYC DJ Set","2013-12-24",59681,399
5136,"a5f_3eCkZ8w","Voigtmann Boiler Room London DJ Set","2014-06-16",13872,105
5735,"AaQkjl7SUHI","The Revenge ft. Jesse Rennix \"Another Light\" - Boiler Room Debuts","2015-02-11",2948,46
7283,"Aba5iAVowb8","Anja Schneider Boiler Room DJ Set at Eastern Electrics Festival","2013-08-28",189910,939
26292,"ABavSyP21nc","Royal-T & Champion 'Mufasa' - Boiler Room DEBUTS","2014-05-13",8241,148
11196,"aBIltCuj8XE","wAFF Boiler Room Ibiza DJ Set","2014-08-29",358898,1714
21799,"ABPzgYuWCJg","Spencer Boiler Room Glasgow X Numbers DJ Set","2015-04-15",15885,145
15373,"ACj8SsSs06U","Svreca Boiler Room Berlin Live Set","2015-06-03",8069,71
17557,"aeUmTKGICPw","Headless Horseman Boiler Room Live Show","2014-04-01",71733,693
1430,"aFmaUwjsO4g","Marcel Dettmann Boiler Room Berlin DJ Set","2013-10-01",185142,850
8758,"AGdA7cmSkFk","Jamie Jones Boiler Room Ibiza Villa Takeovers DJ Set","2013-08-21",2205873,9042
13354,"ahJ8miG0CQI","Vril \"Portal 7\" - Boiler Room Debuts","2015-01-30",9760,118
10593,"AlrxoCcy75k","Eats Everything Boiler Room DJ Set at LEAF","2013-11-21",160951,967
823,"aNCj92FKN1c","Huxley 'Tendered Mess' - Boiler Room DEBUTS","2014-07-10",9349,135
7961,"AP4CYaqyezM","Benton Boiler Room Los Angeles DJ Set","2013-10-23",6369,47
10984,"ApQ0U_gaTb0","Tommy Four Seven Boiler Room Berlin DJ Set","2013-03-12",153724,943
26201,"ApyhXEuZIZY","Volte-Face Boiler Room London DJ Set","2015-03-09",5654,37
1074,"AUg6ckp5FyE","Martyn 70 min Boiler Room DJ Set at Warehouse Project x RBMA","2012-11-21",62507,404
18180,"B0NDQruydfs","Avalon Emerson Boiler Room Berlin DJ Set","2015-10-08",11290,148
5956,"b4hp75IwhV8","Skream Boiler Room DJ Set","2013-12-12",893454,5622
2996,"b5j5bs5xn-g","Soul Clap 60 min Boiler Room DJ Set at Warehouse Project","2012-10-09",70835,304
7333,"B5z1alyMGwA","Tim Sweeney Boiler Room NYC Good Times DJ set","2015-09-15",6205,48
26188,"B6bvNAgybQA","Jon Rust 45 min Boiler Room Broadcasts DJ Set at Dollop Detroit Series","2012-08-21",1247,5
6868,"b9U2Zx0Jfa8","Mr. Tophat & Art Alfie 'No Holdings (Samo DJ Mallorca Mix)' - Boiler Room DEBUTS","2014-04-09",11139,88
6893,"b9U2Zx0Jfa8","Mr. Tophat & Art Alfie 'No Holdings (Samo DJ Mallorca Mix)' - Boiler Room DEBUTS","2014-04-09",11139,88
10924,"BAa6HPE5698","Randomer \"Juju\" - Boiler Room Debuts","2015-08-10",7318,166
2918,"baJHanabUGs","Dorisburg \"Dimension Sculpture\" - Boiler Room Debuts","2015-04-08",4894,111
4515,"BbgjbLVLg4I","Dana Ruh Boiler Room Berlin DJ Set","2013-11-25",35275,246
14454,"bC9_OKu6nBQ","Function Boiler Room Berlin Live Set","2014-08-14",126221,902
13130,"beDETQ2DI1U","Simian Mobile Disco Boiler Room x adidas Originals DJ Set at Primavera Sound","2013-05-30",32306,213
308,"bH0C4zWfKhs","Legowelt Boiler Room London DJ Set","2013-02-06",150756,1224
6303,"BH9QMK3dhIM","Molly Boiler Room Paris DJ Set","2015-01-23",36059,285
1064,"Bj8425Ma6F8","Laurent Garnier Boiler Room DJ Set at Dekmantel Festival","2013-09-18",2207659,10372
12681,"Bk0KbH8O6cA","Buraka Som Sistema Boiler Room x RBMA Takeover Lisbon Live Set","2015-03-10",38448,284
1106,"BmLURMf-AWc","No Artificial Colours Boiler Room DJ Set","2013-02-18",27381,187
10933,"BNn5_uPNPLU","Neville Watson Boiler Room London DJ Set","2015-10-02",4110,81
20098,"BPNj0nxNOaA","Rahaan Boiler Room DJ Set","2013-07-31",35738,289
4139,"BQKFIIyyKWw","Tevo Howard live in the Boiler Room Berlin","2012-09-06",28986,208
26102,"BqySytT0R2E","Mike Servito Boiler Room NYC DJ Set","2013-05-15",15498,126
13431,"Bs8l1Dq9g0g","Dense & Pika \"Lazy Wayne\" - Boiler Room Debuts","2014-10-13",10656,156
10961,"buurNdOsUDw","Zeitgeber (Speedy J B2B Lucy) Boiler Room Berlin DJ Set","2013-06-07",146969,995
5295,"bxCFaKHNOp8","I-F Boiler Room x Expedition Festival Rotterdam DJ Set","2014-07-18",74578,555
16119,"BYuUtiSl9fg","Call Super Boiler Room London 3 Hour DJ Set","2014-09-24",26369,262
5956,"C-cpKyRzboU","Skream Boiler Room & Ballantine's Stay True Scotland DJ Set","2015-06-18",48449,535
22072,"C77nKPjL1hc","Lee Gamble Boiler Room LIVE Show","2012-12-19",28408,221
18303,"c81ux_hIoxM","Low Jack Boiler Room Paris DJ Set and Q&A","2014-05-07",6962,37
20334,"C93Fb4PC4fo","Kobosil Boiler Room Berlin 5th Birthday DJ Set","2015-12-14",8895,151
23276,"cAxaDhpaO4k","James Priestley Boiler Room DJ Set","2013-08-15",20026,151
26111,"cBm-inaMG3k","Logan Sama & Originators (ft P Money, OGz & Flirta D) Boiler Room London Live Set","2015-02-13",13707,101
14543,"CBoJiSjP28c","JoeFarr B2B J. Tijn Boiler Room London DJ Set","2015-03-25",7959,103
18734,"CcUQETKfKgg","Grego G Boiler Room Paris DJ Set","2015-03-04",6578,46
8731,"cDauBzEwd_E","Fred P Boiler Room DJ Set","2013-10-29",47867,338
8270,"cjRRZvmXW5c","Luis Flores Boiler Room Guadalajara Live Set","2015-10-06",17223,291
6059,"Ck3WpUH7ojA","Truss Boiler Room London DJ Set","2014-12-23",25152,205
34210,"ck7XVD3ywCI","Julia Holter 'Maxims II' Boiler Room LIVE Show","2013-12-17",14352,46
15919,"CkxdVMdzkrk","Richie Hawtin Boiler Room Ibiza Villa Takeovers DJ Set","2013-08-21",1401597,5876
3061,"cpa9u-BGGnw","Session Victim Boiler Room x Generator Hamburg Live Set","2015-10-01",26108,396
17666,"CrWfazmpwFI","Objekt 'Balloons' - Boiler Room Debuts","2014-02-20",18070,233
12156,"CS17vmYvWyI","No Regular Play live in the Boiler Room Berlin","2012-08-16",53086,368
9926,"c_rMChxRKSA","Kosme Boiler Room DJ Set / Nuits Sonores","2013-05-16",44266,269
2818,"D89ANGu1rUE","Francois X Boiler Room Paris DJ Set","2014-07-08",49288,258
14454,"d98dGCvjmlA","Function Boiler Room Berlin LIVE Show","2013-03-08",76578,670
178,"d9uFygzB-ho","Four Tet live in the Boiler Room","2012-10-11",262899,1831
23315,"dCmJ5KmCKMs","Andy Stott live in the Boiler Room","2012-08-21",168562,1829
13431,"DDlHnNfHMXw","Dense & Pika Boiler Room London LIVE Show","2013-02-26",74957,509
21136,"DEl99zg6SIE","Rabih Beaini Boiler Room Siberia DJ Set","2015-10-27",2457,33
13496,"DG4hMEIkurA","Jimmy Edgar Boiler Room DJ Set at Osheaga Festival","2013-09-02",84735,612
8629,"DGWL7YI_2rI","Ben Klock Boiler Room Berlin DJ Set","2013-02-22",2325585,10475
9104,"dhqGElNtg3w","Ellen Allien Boiler Room Berlin x Eastern Electrics 90 Min DJ Set","2013-08-02",208999,1169
25366,"dk-sJFDITrU","Jamie xx & Gyptian Boiler Room NYC Live Performance","2015-08-28",14258,179
18442,"dkBR86tNztw","K15 \"Mist\" - Boiler Room Debuts","2015-02-08",4871,97
19266,"DkgWUKx_cLg","Michael Mayer \"The Stickler\" - Boiler Room Debuts","2015-05-28",9114,121
3997,"DkN24OJXXDI","Paco Osuna Boiler Room & Ballantine's Stay True Spain DJ Set","2015-10-05",62020,515
34210,"dkxJsD6JgbU","Julia Holter 'In The Green Wild' Boiler Room LIVE Show","2013-12-17",19033,57
17440,"dnPNq29Hxxo","Pangaea 'Mackerel' - Boiler Room DEBUTS","2014-06-17",5173,56
8758,"dNsTb2_KeRE","Jamie Jones 45 min Boiler Room DJ Set","2012-10-31",505694,2263
818,"dpTx3hS0Lv4","Jimpster Boiler Room DJ set","2013-07-01",84784,700
7333,"Dwya7jSV4zc","Tim Sweeney Boiler Room DJ Set at FLOW Festival","2013-09-02",22293,117
18303,"e0YaaIPYHOw","Low Jack Boiler Room Paris DJ Set","2013-12-03",27178,174
15763,"e37XTDCLPxE","Sascha Rydell Boiler Room Berlin DJ Set","2015-08-04",3995,51
20334,"E4lxtEzoQ3c","Kobosil Boiler Room Berlin DJ Set","2013-12-10",43086,242
1073,"e5B23wnEItQ","Addison Groove Boiler Room London Live Set","2015-05-14",5828,50
1005,"e6NzBBPpboo","Tessela Boiler Room x Dekmantel Festival DJ Set","2014-08-14",35212,223
25315,"ebcpQzDRWHw","Armand Van Helden B2B Jackmaster - Boiler Room x Ray-Ban 009 - London","2015-08-07",236563,2554
26743,"eBubZW7FrFs","Michael Serafini Boiler Room Chicago DJ Set","2015-05-20",1989,24
17671,"eDn4lsHcbAU","Ben UFO Boiler Room x Dekmantel x IR DJ Set","2015-07-03",65503,517
5086,"eerScnlARKQ","Cleric 'Equinox' - Boiler Room DEBUTS","2014-06-09",3960,58
17022,"EhI0Grh9Brk","DJ Q 35 min Boiler Room DJ Set","2012-09-03",99155,589
3216,"Ei0pg6FdVSo","Mano Le Tough Boiler Room Berlin DJ Set","2014-05-14",644470,3547
24410,"EIaK-aCqyts","Oxyd Boiler Room Paris DJ Set","2014-07-08",13102,85
10954,"eJSssDy4EJg","Mike Dehnert Boiler Room Berlin DJ Set","2015-08-04",40659,75
330,"EkewvRC3DuE","Portable Boiler Room LIVE Show","2013-08-15",52727,341
28453,"EKiomlphufM","Neneh Cherry & RocketNumberNine Boiler Room London Live Set + Q & A","2014-04-23",26143,210
432,"eKkMUlQOEAE","Joel Mull Boiler Room Stockholm x Red Bull Music Academy DJ Set","2013-12-06",59922,439
9632,"eLmhafvL9jk","Kutmah Boiler Room DJ Set","2013-06-20",80346,787
26120,"ELvyAK_-0O4","Barnt Boiler Room Berlin DJ Set","2013-02-13",55711,284
17742,"eLzxQAE6KuA","New Jackson \"Metroflex (The Hieroglyphic Being Experience)\" - Boiler Room Debuts","2015-04-14",1864,26
25963,"ENwYn7w3zys","Martelo Boiler Room DJ Set","2013-08-13",6476,56
10912,"eoUtjSmj_dM","Space Dimension Controller Boiler Room x AVA Festival DJ Set","2015-06-17",26404,313
17666,"Et5N_8Kr-EE","Objekt Boiler Room Berlin DJ Set","2014-12-29",83374,660
13550,"EuYwkC0VmQA","DJ Spun Boiler Room NYC DJ Set","2015-08-28",4967,67
730,"EVjN7nXZrx4","Subb-an Boiler Room x Eastern Electrics DJ Set","2013-08-28",58261,316
1408,"EWSNyjMI5no","Oneman Boiler Room NYC DJ Set","2013-12-04",50256,220
25277,"eXNiAqojjpg","Tasker Boiler Room London 65 Min DJ Set","2014-03-06",27811,231
11673,"EXSg8G03mdo","Steve Bicknell Boiler Room London DJ Set","2015-12-03",1066,21
832,"e_5zJ7mjlQw","One Records ft. Subb-an & Adam Shelton Boiler Room DJ Set at ADE","2013-11-14",22697,119
15463,"e_sGLmk2JnU","Young Marco Boiler Room x Dekmantel Festival DJ Set","2014-08-15",75364,343
15919,"F2DtQfcpo6Y","Richie Hawtin Boiler Room DJ Set at Bloc Weekender","2012-07-16",362543,2078
17878,"f2JLVGGep0U","Silent Servant 60 min Boiler Room Berlin DJ Set","2012-06-27",41312,290
2501,"F8GHn1vlgPo","William Kouam Djoko Boiler Room DJ Set","2013-11-26",19313,98
1413,"FASTLAEZ8b0","Benjamin Damage & Doc Daneeka \"Kansas\" - Boiler Room Debuts","2015-10-19",6283,150
1438,"FASTLAEZ8b0","Benjamin Damage & Doc Daneeka \"Kansas\" - Boiler Room Debuts","2015-10-19",6283,150
22462,"fCelCBslF4g","Matthew Hawtin Boiler Room Detroit DJ Set","2015-12-04",2963,39
4386,"Fd-ysPgTLKI","Delano Smith Boiler Room Mexico DJ Set","2015-03-04",113563,993
10924,"fe7GcoqA5HU","Randomer Boiler Room London DJ Set","2014-12-23",46551,389
7961,"ffFNX4e1Aro","Benton Boiler Room London x Swamp 81 DJ Set","2014-04-11",78877,630
26205,"FGkd8dt1XdQ","Matt Jam Lamont Boiler Room x RBMA Mix","2012-12-18",51929,383
10712,"fGPMmoycPMs","M.A.N.D.Y. Boiler Room Berlin DJ Set","2015-06-18",145470,1029
13610,"fgYVNi1vK1E","Prosumer 75 min Boiler Room Berlin Mix","2012-12-06",196117,1059
15463,"Fl2zTgyaXOs","Young Marco Ray-Ban x Boiler Room 007 Milan DJ Set","2015-06-24",9744,92
2126,"FLEYHJmd23M","Tin Man Boiler Room London Live Set","2014-12-08",30060,219
20112,"FLJ4JMHeXMI","Jacques Greene 50 min Boiler Room DJ Set","2012-10-31",20023,141
6730,"FU7fO3xbXYI","Ben Sims 60 min Boiler Room DJ Set at Bloc Weekender","2012-07-24",223053,1180
5423,"fuaL1bcKeLg","Aybee & Afrikan Sciences Boiler Room Berlin Live Set","2014-10-13",6954,51
2423,"fuUD1oLdkPo","Johanna Knutsson Boiler Room Berlin DJ Set","2015-09-18",10194,112
23780,"FZ2vbN5ZHPI","Soundstream 60 min Boiler Room Berlin DJ Set","2012-11-29",70358,534
4209,"f_194QXCJqo","Answer Code Request Boiler Room London Live Set","2015-03-09",9728,66
10951,"g1BYw__Q0Jg","John Talabot Boiler Room DJ Set","2013-04-02",417226,2152
12071,"G1j18BnWx4k","Art Department Boiler Room Mexico / Tulum Take-over","2014-01-30",752145,4102
26099,"G1kWBfYoXMM","LHF  \"Triumph\" - Boiler Room Debuts","2015-06-04",3056,48
19473,"g4qeUCTGvI8","Delroy Edwards Boiler Room DJ Set","2013-04-04",67892,674
15568,"ga29d7IuBuA","DJ Tennis Boiler Room Mexico / Tulum Take-over","2014-01-27",115967,608
10931,"gbXWLRLDh7Y","Carl Craig Boiler Room Detroit Love DJ Set","2015-04-28",18427,125
3758,"gc-xe54qnkA","Appleblim 40 min Boiler Room DJ Set at Decibel Festival","2012-10-16",11104,62
10017,"gDBcpbbYjXU","DINKY Boiler Room Berlin DJ Set","2014-10-20",89180,565
9503,"gdrL_mKIDJ4","DJ TLR Boiler Room DJ Set","2014-01-14",19882,176
12144,"geYlP_px0OM","Tom Trago Boiler Room DJ Set at Dekmantel Festival","2013-10-11",92680,398
1073,"GgTpAPdwmbU","Addison Groove Tribute to DJ Rashad Boiler Room London DJ Set","2014-05-01",16660,150
7640,"gjMBua_1J4Y","Seth Troxler Boiler Room & Ballantine's Stay True Mexico DJ Set","2014-04-04",290783,860
2996,"gkd7fTxeAsE","Soul Clap Boiler Room NYC DJ Set","2014-04-10",219590,1174
9780,"gKdwSSTG6X0","Len Faki Boiler Room & Ballantine's Stay True DJ Set","2015-06-21",95403,761
18345,"gkhTiMRLfPs","Bwana \"Flute Dreams\" - Boiler Room Debuts","2014-11-21",16485,232
26120,"goS2DyWcCqc","Barnt Boiler Room Amsterdam DJ Set","2014-11-18",46700,312
23152,"gp7l3PDws-M","Holly Herndon Boiler Room London LIVE Show","2013-02-07",42362,343
18994,"gPn8D2ZNcAE","Blackdown & Dusk Boiler Room London DJ Set","2014-07-03",6694,52
16952,"gqCzwHzGwZ4","Kim Ann Foxman Boiler Room NYC DJ Set","2015-08-28",17427,228
15463,"gstkmcwzRa4","Young Marco Boiler Room Amsterdam DJ Set","2015-01-09",24352,160
26201,"guzNN1rBBVo","Volte-Face \"Until The Light Takes Us\" - Boiler Room Debuts","2015-04-23",3088,63
15740,"gvvb-SNL9tM","Kevin Saunderson Boiler Room Chicago DJ Set","2014-03-10",171278,1241
15116,"Gx9c0nGgq2g","Lory D Boiler Room Glasgow X Numbers Live Set","2015-04-15",34513,373
4506,"GxCY8In1OXI","dOP Boiler Room Berlin LIVE Show","2013-04-15",481207,2934
10932,"gyL3edITEpI","Serge Boiler Room London DJ Set - Clone Records","2013-02-11",23897,98
1936,"G_F2KwwGPvA","Amir Alexander Boiler Room Berlin DJ Set","2013-02-25",48260,320
6388,"H2HFt0G1-XU","Basic Soul Unit \"Landlocked\" - Boiler Room Debuts","2015-09-07",4789,78
8048,"H5FeaVAxO_0","BLM Boiler Room DJ Set","2013-11-11",2695,26
17742,"h8ym-Jrexgs","New Jackson 'Having A Coke With You' - Boiler Room Debuts","2014-11-03",11127,137
14328,"H8yVbvqK8-s","Akufen Boiler Room Berlin Live Set","2015-04-21",43749,479
17671,"hAoLPANG4tE","Ben UFO 4 Hour Boiler Room DJ Set","2013-03-13",95250,474
4166,"hBoEWlNnJNM","Peter van Hoesen Boiler Room Berlin Dj Set","2014-01-16",81522,629
15341,"hDP8z7btQtw","Chevel \"Flippant Remark\" - Boiler Room Debuts","2015-09-07",1995,43
10961,"HFKvFoO9u88","Lucy live in the Boiler Room Berlin","2012-11-05",47548,413
12144,"HINdnJvpjwo","Tom Trago Boiler Room DJ Set at ADE","2013-11-11",149330,876
18425,"hJGetX0ptTk","Âme LIVE in the Boiler Room Berlin Groove Magazine take-over","2012-12-14",393429,2127
122,"hmW-q5eluuo","Will Saul Aus Music Boiler Room London 30 Min DJ Set","2014-03-03",10783,49
8616,"hnkc3xTz0D8","Surgeon Boiler Room DJ Set - Daytime Session","2013-04-10",17877,169
26317,"hNqJ8Qyg2Io","House Of Black Lanterns Boiler Room LIVE Show","2013-04-19",6245,76
2629,"Hso4ZbMVuqw","Tyree Cooper Boiler Room Berlin DJ Set","2013-04-17",42852,410
22072,"ht1XEJMU9X0","Lee Gamble Boiler Room x Bloc DJ Set","2015-05-17",8911,104
8763,"ht8CZAOFv90","Neil Landstrumm Boiler Room & Ballantine's Stay True Scotland Live Set","2015-06-25",11522,156
10912,"HTCOL_1TqEY","Space Dimension Controller Boiler Room x Dekmantel Festival DJ Set","2014-08-15",56629,294
15463,"hTQpMSvYIGc","Young Marco Boiler Room London DJ Set","2014-05-08",18357,93
6952,"HU4FlWt5Y0c","DJ Bone \"Tipping Point\" - Boiler Room Debuts","2015-06-19",2962,58
25366,"HV-nNEXgsOk","Jamie xx Boiler Room London x Young Turks DJ Set","2014-06-26",1995775,10376
17671,"HxBNIGgOMIA","Ben UFO 30 min Boiler Room mix","2013-02-12",29292,202
173,"hyVq--qZVEI","Henrik Schwarz live in the Boiler Room Berlin","2012-12-03",1028614,6227
25424,"hZIipSC0dAU","Mr Ties Boiler Room Berlin DJ Set","2013-10-29",65873,462
26255,"i1hIxht83h8","Bradley Zero Boiler Room London DJ Set","2014-03-11",22065,144
18004,"i7WVCVaqEcA","Rroxymore Boiler Room Berlin Live Set","2014-05-14",14265,90
18829,"ibuY5lx5_yE","Henning Baer \"Shopping in Jail\" - Boiler Room Debuts","2015-08-29",4451,83
1430,"ic7P_qWkdE8","Marcel Dettmann 60 min Boiler Room Berlin DJ Set","2012-10-29",430494,1855
13335,"id7cQMbY8MM","Makam Boiler Room DJ Set at Dekmantel Festival","2013-09-27",108074,561
10962,"iEo8XMUu53k","Dustin Zahn Boiler Room Berlin DJ Set","2014-12-16",47701,393
113,"iFLmlJZUtCw","Trevor Jackson - Boiler Room Collections","2015-05-05",14335,203
10954,"IhTy866F5j0","Mike Dehnert Boiler Room Berlin Live Set","2015-08-04",67695,142
29962,"IjZwmasrbbQ","Howling Boiler Room LIVE Show performing 'Howling'","2013-07-17",144947,1497
26391,"iM65iZLp64Q","Source Direct Boiler Room x Bloc DJ Set","2015-05-17",9789,214
1880,"IMR8pagFOSY","2562 / A Made Up Sound Boiler Room Amsterdam X Dekmantel DJ Set","2014-04-14",11815,84
7333,"InrAvVbXcqw","Tim Sweeney Boiler Room NYC x Beats in Space 15th Anniversary","2015-02-18",13301,110
10381,"INZkYvPIX6c","Roy Davis Jr Boiler Room Chicago DJ Set","2014-04-29",75345,677
1405,"iRRfInvb74M","Phon.o \"Tw33tz\" - Boiler Room Debuts","2015-10-12",5976,129
22083,"ITTdmHebai0","Bill Kouligas Boiler Room London DJ Set","2013-01-09",18561,137
16918,"iUCtuXvk_Vc","Heidi Boiler Room & Ballantine's Stay True Scotland","2015-06-18",41571,384
18336,"IVohvU3WApo","Dave Clarke Boiler Room Amsterdam x ADE DJ Set","2014-11-18",320222,1802
585,"iwew9TzWY3M","Kerri Chandler 70 min Boiler Room Mix","2012-12-03",857336,5951
9632,"IXs29r28J90","Kutmah B2B J Rocc Boiler Room DJ Set at DIESEL + EDUN present Studio Africa","2013-03-12",54158,532
14547,"j5yPSIeEtWU","Hunee \"Cross Road\" - Boiler Room Debuts","2015-05-01",13399,190
22243,"j6rpkyHEnzk","Daniel Avery Boiler Room London DJ Set","2015-03-09",101754,702
1464,"J6vIpYiwrUY","Gerd Boiler Room x Expedition Festival Rotterdam DJ Set","2014-07-18",49401,248
18004,"J7naswnAQg8","rRoxymore \"DFF\" - Boiler Room Debuts","2015-10-22",2034,46
17440,"J7xjBrRDBb0","Pangaea Boiler Room x Dekmantel Festival DJ Set","2015-09-16",8932,105
18205,"j9-UZ4pMUM8","Stenny Boiler Room Munich DJ Set","2015-04-10",9463,119
25315,"jacVluUBEAQ","Jackmaster B2B Loefah 60 Min Boiler Room Mix at W Hotel London","2012-11-29",159094,765
957,"jf18wfiW6TQ","Ben Vedren Boiler Room Paris X Weather Festival Live Set","2014-06-04",21997,146
13130,"Ji06BDBSw3U","Simian Mobile Disco live in the Boiler Room","2012-08-08",73864,454
25302,"jLvfiuKgdic","DJ Minx Boiler Room Detroit DJ Set","2015-12-04",2405,49
3424,"jMz2yebyyxE","Kowton & Pev Boiler Room DJ Set","2013-06-04",33670,306
34,"jnGT5slqGpM","DJ Sneak Boiler Room DJ Set","2013-05-15",636343,3218
1376,"jom6tDPQhms","Truncate \"86\" - Boiler Room Debuts","2015-11-30",5498,169
9780,"jQRI3b2SX8c","Len Faki Boiler Room Berlin DJ Set","2014-05-14",2239025,11637
2620,"JRgmcXcvq6c","Steve Bug Boiler Room Berlin DJ Set","2015-11-12",23228,323
819,"jtVnqzRzRq8","D'Julz Boiler Room Paris DJ Set","2015-01-23",23921,186
1711,"JvCKp8V64sw","San Proper Boiler Room x Dekmantel DJ Set","2014-08-13",100357,458
6893,"JvD1tkmjY1I","Mr. Top Hat & Art Alfie \"Kavolrak (Joel Mull Remix)\" Boiler Room Debuts","2014-10-13",5951,93
10931,"jWu-PfsrgCc","Carl Craig & Francesco Tristano Boiler Room & Ballantine's Stay True Germany Live Set","2015-01-19",17376,148
16924,"JX4MiubWdRU","Dixon 30 min Boiler Room Berlin DJ Set","2012-06-11",265184,740
9127,"jXkO5Vw2gdM","Max Graef Boiler Room Berlin Daytime DJ Set","2014-01-28",134430,1021
1552,"JXpkuHm-mjE","The Mole Boiler Room Berlin DJ Set","2013-10-24",20400,145
26126,"jZfj8yS5FrM","Dev79 & Riko Dan \"Snapper Riddim\" - Boiler Room Debuts","2015-06-29",1662,43
14576,"jZwG-4aeq3A","Krystal Klear Boiler Room DJ Set","2013-12-12",49140,307
585,"K23EMICW8W8","Kerri Chandler 70 min Boiler Room DJ Set","2012-06-06",135342,1023
26293,"k7MqAsjVL4w","DJ Koolt B2B Nicolas Lutz Boiler Room Punta Del Este DJ Set","2015-03-15",41055,258
12665,"KcVjeyDPvuo","Demdike Stare live in the Boiler Room","2012-08-15",40995,340
17833,"kerULmdCtfY","Horse Meat Disco Boiler Room x Red Stripe Mix","2013-01-08",47282,255
8731,"kFwqe0UzERI","Fred P Boiler Room Berlin DJ Set","2015-01-13",102906,827
12156,"kH9j81ZR0N8","No Regular Play Boiler Room NYC Live Show","2014-04-10",26837,208
13038,"kHPro8v5wsI","DJ Deep Boiler Room Paris DJ Set","2014-07-08",62645,268
26918,"KhrmeQG9M_c","Solar Boiler Room x Dekmantel x IR DJ Set","2015-07-03",12815,117
10931,"kiBHtM0z_vU","Carl Craig Boiler Room & Ballantine's Stay True Germany Live set","2015-01-05",112643,705
22072,"KmYaVcE8O-k","Lee Gamble 'Kali Wave' - Boiler Room Debuts","2014-07-31",9702,110
4419,"kPi0KY_Y0tY","Point G \"Balea\" - Boiler Room Debuts","2014-12-10",18071,246
17136,"kPuuAbO2d0E","Nummer Boiler Room London Live Set","2015-10-02",3729,63
1408,"KqOf4vW_ieY","Oneman 35 min Boiler Room New York DJ Set","2012-08-10",46550,280
1880,"kRXjAZJVkpY","A Made Up Sound \"Half Hour Jam on a Borrowed Synth\" - Boiler Room Debuts","2015-09-28",5553,87
18686,"kUWzJbiTNHY","John Osborn Boiler Room Berlin DJ Set","2013-05-31",14775,124
1073,"kVF7riaRYxU","Addison Groove 'Forgiven' - Boiler Room Debuts","2013-07-16",17467,229
26267,"Kw00iQVEvF8","CW/A \"Day of Riddance (Dario Zenker Remix)\" - Boiler Room Debuts","2015-02-06",3952,67
9632,"L-d2u-IwQg0","Kutmah 60 min Boiler Room DJ Set","2012-06-06",16362,159
5357,"l5Qem9SAQZY","Agoria 50 min Boiler Room Mix at ADE 2012","2012-12-04",111882,535
5862,"l74tKdEslZA","Bicep \"Just\" - Boiler Room Debuts","2015-05-05",61827,740
25963,"lamseTB_Mgg","Martelo 25 min Boiler Room DJ Set","2012-09-12",4624,28
823,"LBslRtUDLA0","Huxley Boiler Room DJ Set","2013-06-12",241114,1373
10984,"lDZAJf3nbZ8","Tommy Four Seven Boiler Room Berlin DJ Set","2015-05-19",52234,556
6688,"LHkUuQph0M0","Radioactive Man Boiler Room London Live Set","2015-03-25",10021,109
6370,"LIpjQtc1yAU","Matthew Styles Boiler Room Berlin Live Set","2014-07-11",29574,169
10912,"lKh4CKrDxNU","Space Dimension Controller Boiler Room DJ Set at FLOW","2013-09-23",34774,250
10803,"LKoV55HbGa4","ND_Baumecker Boiler Room Berlin DJ Set","2013-07-16",44826,400
14576,"LkS17mUTOLQ","Krystal Klear 45 min Boiler Room Mix","2012-12-05",44855,322
18829,"LM1Brtau4Vk","Henning Baer Boiler Room Berlin DJ Set","2014-08-14",39480,310
25963,"loMr1ZgU_mc","Martelo Boiler Room x GoPro DJ Set","2015-10-20",1732,17
3424,"LoxI-SHKJ4w","Kowton Boiler Room x Dekmantel Festival DJ Set","2014-08-14",33998,169
4142,"LpnLk-jMTHg","Midland 'Reflex' - Boiler Room Debuts","2014-08-28",8461,73
13357,"LPnwVwtO12c","Redshape Boiler Room Berlin 5th Birthday Live Set","2015-12-14",3472,65
7322,"LqeKTI72tb8","Busy P - Making Sense Of His Record Collection: Boiler Room BTS","2013-10-09",14018,116
16918,"lsGwBnLWi4o","Heidi Boiler Room DJ Set","2013-06-11",274768,1468
15496,"LsVD5x1iSL8","Andrew Weatherall 50 min Boiler Room DJ Set","2012-06-27",75118,263
6956,"lvCzAIhVkwk","Sunil Sharpe & AnD 'Security Breach' - Boiler Room Debuts","2014-11-05",5519,100
19479,"LWJO9tM_N2k","Svengalisghost Boiler Room London Live Set","2014-10-13",8134,62
2620,"LYSXYk9Em_E","Steve Bug Boiler Room Berlin DJ Set","2014-07-11",861039,5106
208,"LyuSlrjAvfA","Lakker 'Math Fall' - Boiler Room Debuts","2014-09-15",10006,105
19479,"LzbWH8xv1RQ","Svengalisghost Boiler Room LIVE Show","2013-04-10",15540,107
18204,"LZTTbPmQHQg","Zenker Brothers \"Namuan\" - Boiler Room Debuts","2015-11-25",2145,42
16747,"M-CA7FYrXCg","Beautiful Swimmers 45 min Boiler Room DJ Set","2012-10-29",19829,142
1552,"M-KHlTzg24I","The Mole Boiler Room Toronto DJ Set","2014-04-11",11092,84
5531,"m0AavdaZo34","Oscar Mulero Boiler Room x Dekmantel Festival DJ Set","2014-08-14",250067,1353
10593,"M45VLat2MiQ","Eats Everything - Boiler Room x Ray-Ban 009 - London","2015-08-06",44911,436
14747,"m4WMBLC3-4s","Preditah Boiler Room DJ Set","2013-05-15",114619,971
7322,"M6khNkdbt1w","Busy P Boiler Room DJ Set at Red Bull Studios Paris","2013-10-11",181207,1357
10937,"mcMCbVYXuTo","Marquis Hawkes Boiler Room Berlin 60 Min DJ Set","2014-03-18",20894,145
14547,"mDX_eYOKe4s","Hunee Boiler Room Berlin DJ Set","2013-02-13",153682,1196
1005,"Mjcw3xP4-Is","Tessela B2B Truss Boiler Room DJ Set","2014-01-16",45451,286
6059,"Mjcw3xP4-Is","Tessela B2B Truss Boiler Room DJ Set","2014-01-16",45451,286
1467,"MmPgXiOCX4E","Arttu Boiler Room Berlin LIVE Show","2013-02-25",10315,66
12250,"MN1YhlRJOx0","Kangding Ray Boiler Room Berlin LIVE Show","2013-01-31",115840,1086
5423,"mPimoVbtqG8","Aybee Boiler Room Amsterdam x Dekmantel Live Set","2014-04-14",7615,59
17666,"mPoScEPnJI8","Objekt 40 min Boiler Room DJ Set","2012-07-11",36491,258
14144,"mRfwdJx0NDE","David August Boiler Room Berlin Live Set","2014-04-23",2159178,13355
25042,"mTlcrkrty8g","Gilb'r Boiler Room Paris DJ Set","2014-04-01",15913,77
7759,"MVfh6jQHEi0","Glenn Astro Boiler Room x Generator Copenhagen DJ Set","2015-09-09",9043,114
13431,"mYVR7-qW8zk","Dense & Pika Boiler Room London DJ Set","2014-05-22",97701,718
18204,"MzgqzBlrNbs","Zenker Brothers Boiler Room Munich DJ Set","2015-04-10",34763,330
4131,"mzLGbluO83I","Delta Funktionen Boiler Room Berlin DJ Set","2013-04-30",41143,240
5531,"mzwAC_Am0bI","Oscar Mulero Boiler Room Berlin DJ Set","2015-06-03",224470,1694
11558,"N-9s2yI9F08","Voiski Boiler Room Paris Live Set","2014-07-08",42167,296
9926,"n0EXea43IY0","Kosme Boiler Room Lyon DJ set","2015-08-28",11227,132
25424,"N1jyUOIBed0","Mr Ties Boiler Room x Dekmantel Festival DJ Set","2015-09-16",14659,150
26255,"n38uiZ-4NwM","Bradley Zero Boiler Room London 60 Min DJ Set","2014-07-02",13092,133
25366,"NAm1JMDZEvI","Jamie xx 55 min Boiler Room Mix","2012-12-07",871060,5850
5840,"NdU9FxX9fB4","George Fitzgerald Boiler Room DJ Set","2013-06-25",152232,845
7727,"Nep4hlsKgfA","Willie Burns 50 min Boiler Room New York DJ Set","2012-08-31",3187,19
16993,"NFjLJKwjCDk","Fort Romeau Boiler Room X Bowers & Wilkins Primavera Sound DJ Set","2014-06-09",12012,96
1228,"NFoDx3qczG4","Cabanne Boiler Room Paris DJ Set","2015-03-04",22738,178
15341,"ngCXc561Hwc","Chevel \"Loop #42 (Minor Science Remix)\" - Boiler Room Debuts","2015-11-25",1193,28
6691,"Niw2nlBAiJw","ROD \"RSPCT\" - Boiler Room Debuts","2014-09-01",7811,95
1408,"nlqrQrYIwME","Oneman Tribute to DJ Rashad Boiler Room London DJ Set","2014-05-01",43333,403
8987,"nOvv80wkSgI","Nathan Fake Boiler Room LIVE Show","2013-06-18",61807,486
16993,"nPRxu195EfA","Fort Romeau Boiler Room DJ Set","2013-09-19",11977,92
1377,"nPsMNnExTwc","Shed \"Dark Planet (Modeselektor Remix)\" - Boiler Room Debuts","2015-11-09",3825,76
6780,"ns0epPnEyP8","Mr Raoul K Boiler Room Berlin DJ Set","2014-10-13",52019,494
8987,"nT2znG8cpnI","Nathan Fake live in the Boiler Room","2012-10-15",146611,1054
25939,"nuyR7z0sD-M","Todd Edwards Ray-Ban x Boiler Room 002 | Pitchfork Festival Afterparty DJ Set","2013-08-27",34671,249
18285,"nymnt5GxY3w","Marcel Fengler Boiler Room Berlin Dj Set","2014-01-16",71511,383
15760,"NYw8GOydiMQ","Ivan Smagghe 50 min Boiler Room Mix at W Hotel Paris","2012-12-04",218124,1020
8987,"NzatMkQJDU0","Nathan Fake \"Nuuk\" - Boiler Room Debuts","2014-11-27",13202,180
132,"N_HEGZbztPs","Cari Lekebusch B2B Alexi Delano Boiler Room Stockholm x Red Bull Music Academy DJ Set","2013-11-29",157074,1035
163,"N_HEGZbztPs","Cari Lekebusch B2B Alexi Delano Boiler Room Stockholm x Red Bull Music Academy DJ Set","2013-11-29",157074,1035
4506,"O-LKGZ1FiEQ","dOP Boiler Room Berlin Live Set","2014-10-20",342733,2136
26196,"o4SvYTTc8YM","Moxie Boiler Room London 40 Min DJ Set","2014-05-23",18067,240
5971,"O8ChbRgcgrc","Ed Davenport Boiler Room Berlin DJ Set","2014-06-27",27347,205
4427,"o8SFUAfWxYw","Spencer Parker Boiler Room Berlin DJ Set","2014-06-27",96989,640
21274,"OAEOTAulvag","Daniel Miller 30 min Boiler Room Berlin DJ Set","2012-06-11",12466,70
18227,"obXT1jZcxVg","Andrea Boiler Room Munich Live Set","2015-04-10",13298,157
26188,"ocdPn2srPUE","Jon Rust Boiler Room London DJ Set","2013-02-28",10551,60
6685,"oF5JnMq-qaQ","Stacey Pullen Boiler Room Detroit Love DJ Set","2015-04-28",14472,143
13429,"ofEMz3TYhow","Killawatt Boiler Room Berlin Live Set","2015-05-19",3437,37
26655,"oJ8f0_OHw_c","Steve Mizek & Savile Boiler Room Chicago DJ Set","2015-12-03",1364,43
8758,"OJCuCMV5J2Q","Jamie Jones B2B Martinez Brothers Boiler Room Ibiza DJ Set","2014-09-12",833139,4055
151,"olDXkmnD6lY","Nina Kraviz 'Mr Jones (Original 2008 Home Listening Mix) ' - Boiler Room Debuts","2013-11-25",20099,201
14275,"OLO8s9skVfw","Laura Jones Boiler Room DJ Set at ADE","2013-11-13",58675,326
26305,"Ol_Pnuf3RuY","Ruff Sqwad Boiler Room LIVE Show","2012-12-17",41277,331
16119,"oMe1nLDx_jY","Call Super Boiler Room DJ Set","2013-04-17",10985,84
14938,"OMuhlKLfAF8","Planetary Assault Systems Boiler Room & Ballantine's Stay True Scotland Live Set","2015-06-30",36862,349
4211,"omYUblckZrg","Stanislav Tolkachev Boiler Room Poland DJ Set","2015-03-25",11574,129
26190,"ONwtYSqdIL4","Josey Rebelle Boiler Room London - Red Bull Music Academy Takeover","2014-03-14",12154,105
21983,"OraL6lKoyXE","DJ EZ Boiler Room London 3.5 Hour DJ Set","2014-02-05",1105977,6716
4723,"osS2zsW8mLk","Kink Boiler Room Moscow Live Set","2015-01-19",732343,7244
12002,"OsXh7bvZFF4","Maceo Plex Boiler Room Ibiza DJ Set","2015-11-11",222394,2288
1405,"oWOxy9_Pjk4","Phon.o Boiler Room Berlin Live Set","2015-11-10",11381,478
9077,"Owq-BFAA0rQ","Kiki Boiler Room Berlin x Eastern Electrics DJ Set","2013-08-19",24052,189
8161,"Oy4ow7MD0j8","Echoplex Boiler Room Poland DJ Set","2015-09-29",2232,52
155,"p6ozF0Y-PzU","Motor City Drum Ensemble Boiler Room x Dekmantel Festival DJ Set","2014-08-15",572946,3073
1415,"p7hkdr6Umgw","Cosmin TRG Boiler Room Berlin DJ Set","2013-04-26",44248,363
21072,"P8Rr3TcJh_8","UVB Boiler Room Berlin DJ Set","2015-05-19",27670,371
17666,"Pb_697GBaxE","Objekt Boiler Room x Dekmantel Festival DJ Set","2015-09-17",15903,162
34210,"Pch8ZHV5ExM","Julia Holter 'This Is A True Heart' Boiler Room LIVE Show","2013-12-17",9013,40
13537,"pdKCniBXfF0","Juan Maclean & Shit Robot breakfast show on Boiler Room","2012-07-03",20472,152
21105,"PDPy5J_Vjus","Eric Cloutier Boiler Room Berlin DJ Set","2015-06-03",10369,103
7333,"PJ6A3Rbi_2Q","Tim Sweeney 70 min Boiler Room Mix","2012-12-04",43467,253
12639,"PLcQdND6MrE","Optimo Boiler Room & Ballantine's Stay True Scotland DJ Set","2015-06-25",14670,104
5185,"PMPWM05IGh0","Inigo Kennedy Boiler Room x LEAF DJ Set","2015-04-14",17257,190
19266,"PmQtrRpPyKc","Michael Mayer Boiler Room DJ Set","2013-12-10",94797,565
16924,"pMSKnCbUqBs","Dixon b2b Âme Boiler Room x Innervisions DJ Set at ADE 2012","2012-10-25",585174,3243
18425,"pMSKnCbUqBs","Dixon b2b Âme Boiler Room x Innervisions DJ Set at ADE 2012","2012-10-25",585174,3243
9934,"POg7BhbDx0E","Konstantin Sibold Boiler Room DJ Set at ADE","2013-11-20",30913,150
1406,"pORPYc51bOk","Modeselektor Boiler Room Berlin x MELT! Festival DJ Set","2013-08-19",259233,1315
6685,"PoxH_RMD2cI","Stacey Pullen Boiler Room x Movement DJ Set","2013-06-13",122400,918
13295,"PsU000WMx6w","Matrixxman Boiler Room x Dekmantel Festival DJ Set","2015-09-15",11625,152
7342,"pTMZjcW2VBo","Gonno Boiler Room Tokyo DJ Set 5th Birthday","2015-12-08",4281,107
14222,"pU-mdr4tpoQ","Norm Talley Boiler Room Detroit DJ Set","2014-06-09",15255,118
69,"PVOC0nwMXy8","Oskar Offermann B2B Edward Boiler Room Berlin DJ Set","2014-04-23",100191,664
8507,"PVOC0nwMXy8","Oskar Offermann B2B Edward Boiler Room Berlin DJ Set","2014-04-23",100191,664
26928,"Q-IT9S_ZGDM","Boston Bun Boiler Room DJ Set at Red Bull Studios Paris","2013-10-09",87883,724
16119,"Q1ayLW7Ssho","Call Super Boiler Room x Dekmantel Festival DJ Set","2015-09-17",10945,123
9632,"q38QIBLR02I","Kutmah Boiler Room London DJ Set","2014-10-21",55354,529
26412,"q4GN03jhpPk","Denis Sulta \"A.A.L.A.S.\" Boiler Room Debuts","2014-10-25",11509,164
6427,"Q9jrQoJrc6Q","Patrice Scott Boiler room DJ Set","2013-11-06",22187,194
69,"q9wZ68376cY","Oskar Offermann \"Stormy Past\" - Boiler Room Debuts","2015-10-14",3262,59
22243,"QB-OdtAJhgE","Daniel Avery \"Water Jump (Powell Remix)\" - Boiler Room Debuts","2015-02-10",6133,66
4131,"qcPcKFfoHec","Delta Funktionen Boiler Room DJ Set","2013-11-19",20707,158
13610,"qh8iravLhBE","Prosumer Boiler Room DJ Set","2013-10-15",49408,319
5572,"QJ0bAw80zFU","Alix Perez 45 min Boiler Room DJ Set","2012-08-15",52496,388
20033,"qkLgBFcI_p0","Paramida Boiler Room Berlin DJ Set","2014-10-20",30465,230
4142,"QLZlTKnOE50","Midland Boiler Room Glasgow DJ Set","2015-01-22",14357,93
20198,"Qm5IvC4MFWk","The Drifter Boiler Room Berlin DJ Set","2014-05-13",41516,368
15332,"QMichQlXDiQ","Sisterhood Boiler Room London DJ Set","2014-12-08",5884,79
21983,"qQaEWVYuyXU","DJ EZ Boiler Room x RBMA DJ Set","2012-12-14",968570,6023
337,"qqTYVhzE7Ss","Deadbeat Boiler Room Berlin DJ Set/ Red Bull Music Academy Takeover","2013-01-09",76239,532
17671,"QRe_PZmP7e4","Ben UFO 50 min Boiler Room DJ Set","2012-06-12",22488,84
6915,"Qt7jycPsSt0","Dan Beaumont Boiler Room DJ Set","2012-12-12",7229,55
3587,"qvO0ou0KApE","Dandy Jack Boiler Room & Ballantine's Stay True Chile DJ Set","2014-05-30",67436,133
18412,"QwNjnhmWDWE","Lil Tony Boiler Room DJ Set","2013-10-14",12440,121
1068,"qwspCgEUj64","Leon Vynehall \"Midnight on Rainbow Road\" - Boiler Room Debuts","2015-08-20",26244,475
17671,"QWUoBtUl5s4","Ben UFO 45 min Boiler Room x RBMA Mix at Warehouse Project 2012","2012-12-05",98599,399
12547,"R0p8up-kIdk","Silicone Soul Boiler Room Berlin 60 Min DJ Set","2014-03-18",173474,982
20194,"R13si_gGvxk","Voyeur 45 min Boiler Room Mix","2012-12-10",7774,96
8763,"R1U_r8wAXks","Neil Landstrumm \"The Rise of Slime\" - Boiler Room Debuts","2015-02-18",15878,157
113,"R9cZtCSBT9w","Trevor Jackson Boiler Room x Red Stripe Mix","2013-01-07",707,2
25353,"Rblx6Pes5J0","Lakuti Boiler Room Berlin Daytime DJ Set","2014-04-11",54476,423
3003,"rB_rlsF83u4","Maya Jane Coles Boiler Room DJ Set","2013-09-26",1703734,9892
11573,"RCpgUtIFODc","Trikk Boiler Room DJ Set","2013-07-02",16317,174
17666,"re1LgG77oUA","Objekt 'Agnes Demise' - Boiler Room Debuts","2013-10-15",20906,185
10605,"RfYiqsIaH3Q","Seuil Boiler Room Paris DJ Set","2014-04-01",23733,154
3001,"rJ2szAO4rwo","Nick Monaco Boiler Room x Sugar Mountain Festival DJ Set","2015-03-31",24426,194
20107,"RMrWWAY7MJM","Hudson Mohawke 60 min Boiler Room hip-hop set","2013-02-11",284094,2526
9846,"rn1-iudOD4I","Moerbeck Boiler Room Berlin DJ Set","2014-12-16",10391,123
9120,"ro5rbLpndDI","Djedjotronic b2b Maelstrom Boiler Room Berlin DJ Set","2014-03-03",40904,329
3585,"roVLGbUdBzI","Seth Troxler B2B Shaun Reeves B2B Ryan Crosson Boiler Room DJ Set at ADE","2013-11-06",85635,455
7640,"roVLGbUdBzI","Seth Troxler B2B Shaun Reeves B2B Ryan Crosson Boiler Room DJ Set at ADE","2013-11-06",85635,455
10118,"roVLGbUdBzI","Seth Troxler B2B Shaun Reeves B2B Ryan Crosson Boiler Room DJ Set at ADE","2013-11-06",85635,455
18519,"rPW9Q0_mQiI","Marcel Vogel Boiler Room DJ Set at ADE","2013-11-21",31926,206
9094,"RrV86WjTioE","Cormac Boiler Room Berlin DJ Set","2014-09-08",12185,81
4355,"RsbJ951Zxuk","Xhin live in the Boiler Room at Bloc Weekender","2012-08-03",44997,377
6956,"rU9aRXidC2Q","Sunil Sharpe Boiler Room London DJ Set","2014-12-29",40675,533
11955,"Rudu4AJGDQk","Spectrasoul 45 min Boiler Room DJ Set","2012-08-20",30126,218
2113,"rvwARVSrL7A","Scuba Boiler Room Berlin DJ Set","2013-11-05",169214,925
12499,"rwRmFGoRM6k","Alex Smoke Boiler Room Glasgow DJ Set","2015-10-05",4048,54
10931,"RX49E-D9a6U","Carl Craig Boiler Room DJ Set at Red Bull Music Academy x Boiler Room in Miami","2013-04-02",194665,1001
8189,"RXHS7M5NyuM","Blawan 45 min Boiler Room DJ Set","2012-10-31",44341,226
12639,"RZxFSVIv_h4","Optimo - Boiler Room Collections","2014-07-15",8615,47
13335,"RZYibAWxef0","Makam Boiler Room x Dekmantel x IR DJ Set","2015-07-03",18513,154
20098,"s047OXDBifc","Rahaan Boiler Room x Dekmantel DJ Set","2014-08-13",56008,356
5357,"s6As6lIzSgM","Agoria Boiler Room São Paulo x Skol Beats DJ Set","2014-06-23",63214,392
1416,"SD2E_fBA5rM","Bambounou Boiler Room Paris DJ Set","2013-08-28",113621,726
3216,"sezHMen-pDU","Mano Le Tough Boiler Room x Dekmantel Festival DJ Set","2015-09-16",77111,753
25366,"Sgp6yzoEC_c","Jamie xx & Young Thug Boiler Room NYC Live Performance","2015-08-28",57911,550
8207,"SiDs8zXY50I","Regis live in the Boiler Room","2012-12-04",85219,673
1068,"siRYciwpz_4","Leon Vynehall 75 min Boiler Room DJ Set","2012-06-27",75489,581
4456,"siWzYDsVEU8","October Boiler Room DJ Set","2014-01-17",15107,126
18501,"sj_ulHgaf40","DJ Hell 65 min Boiler Room Berlin DJ Set","2012-09-04",586076,2664
7127,"sK8UwSXkE6o","Deetron Boiler Room Basel DJ Set","2015-12-17",5061,81
19266,"sKPn-QYCZqg","Michael Mayer 60 min Boiler Room Berlin DJ Set","2012-06-11",180486,953
2126,"Sm2OPxa6LXo","Cassegrain & Tin Man 'High And Low' - Boiler Room DEBUTS","2013-11-13",6301,70
11691,"Sm2OPxa6LXo","Cassegrain & Tin Man 'High And Low' - Boiler Room DEBUTS","2013-11-13",6301,70
6975,"SnQgoMLCn14","Tom Dicicco 45 min Boiler Room DJ Set","2012-07-19",6727,60
4323,"SNtXhWnlr-4","Toby Tobias Boiler Room DJ Set","2013-03-12",7070,36
2946,"SPAIpHlGZ-o","Christopher Rau Boiler Room DJ Set","2013-05-07",31897,155
17522,"sqNgk1oD5BY","xxxy B2B Braiden Boiler Room DJ Set at Red Stripe Make Session 007","2013-03-05",13011,83
10969,"stS-mY61ZI8","Terence fixmer Boiler Room Berlin LIVE Show","2013-12-10",84302,613
4419,"szG1khKapNU","Point G Boiler Room Paris DJ Set","2015-01-23",41828,327
178,"s_Bn6FlvflM","Four Tet Boiler Room London DJ Set","2015-06-01",311495,2351
8623,"TaFJGvwaczU","Robert Hood Boiler Room x Red Bull Music Academy DJ set at Mutek","2013-06-26",423564,2963
21790,"tCDvQbmsJq8","Darq E Freaker Boiler Room DJ Set","2013-08-13",24378,236
3020,"tFbWJBHIqHE","Le Loup Boiler Room Paris DJ Set","2014-04-01",25432,182
11189,"thmXEH3vax4","Tobi Neumann Boiler Room Berlin DJ Set","2015-04-21",39843,239
15341,"THopyI4nW_U","Chevel 'Cave Dwelings' - Boiler Room DEBUTS","2014-03-24",7452,74
12002,"TkVhmr_GYbM","Maceo Plex Boiler Room DJ Set","2013-03-11",687352,3358
1070,"Tmf44ZIYCKo","Illum Sphere 60 min DJ Set live from Manchester Art Gallery - Red Bull Music Academy Takeover","2012-09-21",16810,120
16119,"tMmbEsiXpMY","Call Super 'Depicta' - Boiler Room Debuts","2014-05-15",6231,73
20213,"TOItK116UwY","LONE Boiler Room DJ Set","2013-09-19",82643,668
2545,"TTooknfXxvQ","Jamie Jones B2B Dyed Soundorom Boiler Room Ibiza Villa Takeovers DJ Set","2013-08-29",472892,2375
8758,"TTooknfXxvQ","Jamie Jones B2B Dyed Soundorom Boiler Room Ibiza Villa Takeovers DJ Set","2013-08-29",472892,2375
785,"TYps9FOLIq8","Ejeca Boiler Room DJ set at Warehouse Project","2013-10-17",101546,983
5417,"TYWIWncS6Dk","Samuli Kemppi Boiler Room Berlin DJ Set","2015-03-25",8703,106
16952,"TZFeFOVRBVc","Kim Ann Foxman 'Steal My Secret' - Boiler Room Debuts","2014-11-19",4977,62
26932,"tzKS0ygBm3k","Jeremy Underground Boiler Room London Room 1 5th Birthday DJ Set","2015-12-16",9558,248
4209,"U-Uut9tS1yM","Answer Code Request Boiler Berlin DJ Set","2014-01-24",73594,462
17858,"uAizncAyB-A","Richy Ahmed Boiler Room Ibiza Villa Takeovers DJ Set","2013-08-29",461953,2083
743,"UbcUEy1r2dc","PBR Streetgang Boiler Room DJ Set at UNKNOWN Croatia","2013-11-07",22341,161
24099,"uE6RsAtXta0","Sandrien Boiler Room Amsterdam DJ Set","2014-12-29",23570,223
12484,"UfPy0qzdPPQ","Honey Soundsystem Boiler Room NYC x FIAT Imports","2015-12-03",2471,61
40,"UFvvztoqpXo","Luke Solomon 50 min Boiler Room Mix","2012-12-10",45695,261
8279,"ugyR_JPVsak","Raime 40 min Boiler Room Mix","2012-12-06",11371,115
26196,"Ujr_JdTnrg4","Moxie Boiler Room DJ Set","2013-05-20",23625,158
9632,"uMi9HRaN9ng","Kutmah Boiler Room DJ Set","2013-09-02",65238,758
13496,"UmNZDO531IA","Jimmy Edgar Boiler Room Berlin Dj Set","2013-11-13",69994,464
12000,"uMrbszUBC7c","San Soda Boiler Room DJ Set at Warehouse Project","2013-11-27",49228,293
5185,"uoR1Y4RBhmE","Inigo Kennedy Boiler Room DJ Set","2013-07-31",69005,574
3296,"UteUwsAZnaQ","Om Unit 40 min Boiler Room DJ Set","2012-06-06",68812,594
9127,"UTThP02wI4E","Max Graef \"Die Elektrische Der Weisse Vogel Part II\" - Boiler Room Debuts","2015-12-02",2942,99
11200,"UtzX2ZD8OfQ","Matador 30 min Boiler Room Berlin DJ Set","2012-06-11",218496,816
3548,"UuJSgdseODU","Specter Boiler Room Chicago DJ Set","2015-12-03",1888,34
1265,"uUtLVqs0ueI","Felix K Boiler Room Berlin DJ Set","2013-06-10",12293,102
10953,"UVjTToOPYE8","Prins Thomas B2B Gerd Janson Boiler Room DJ Set at ADE","2013-11-07",73074,441
11579,"UVjTToOPYE8","Prins Thomas B2B Gerd Janson Boiler Room DJ Set at ADE","2013-11-07",73074,441
405,"UVjUXdaO9v4","Don Williams Boiler Room Berlin DJ Set","2014-10-07",10434,69
24614,"uVsfzprO7zs","Karenn Boiler Room London Live Set","2014-12-29",150611,1499
2478,"uWoJTn9YY90","Move D Boiler Room DJ Set at Dimensions Festival","2013-10-21",50472,293
10957,"uX4JJVfIWoM","Speedy J Boiler Room & Ballantine's Stay True Scotland Live Set","2015-06-22",22245,217
7031,"UxgI14ua-IY","DJ Qu 60 Minute Mix Boiler Room NY Deconstruct x The Corner Takeover","2013-06-06",16604,96
24366,"UyR3LuOTpXI","Interstellar Funk Boiler Room x Dekmantel Festival DJ Set","2014-08-15",44679,226
13599,"v0QgLlcd5zc","Tama Sumo Boiler Room Berlin Daytime DJ Set","2014-04-11",52612,265
151,"V1ZxFNrUBFw","Nina Kraviz 65 min Boiler Room DJ Set at ADE 2012","2012-10-23",635550,3695
40441,"V3jkxtcOenY","Rainer Veil live in the Boiler Room","2012-08-20",5001,43
5555,"V427Fh4yO8c","Cinnaman B2B Job Jobse Boiler Room Amsterdam DJ Set","2014-11-18",18658,89
26398,"V427Fh4yO8c","Cinnaman B2B Job Jobse Boiler Room Amsterdam DJ Set","2014-11-18",18658,89
9758,"VCgLJbZqsJE","Adam Port Boiler Room Berlin 60 Min DJ Set","2013-12-16",85067,433
7342,"VdOnwEUSy3M","Gonno Boiler Room DJ Set","2013-11-06",18481,154
3563,"vF0fbiBLieI","Hieroglyphic Being Boiler Room DJ Set","2013-03-28",23783,137
1464,"vgoi8kV6fjQ","Gerd Boiler Room London DJ Set","2013-02-07",60623,369
22848,"VGUWxuD5SCw","Mad Mats Boiler Room Tokyo DJ Set 5th Birthday","2015-12-08",2385,48
16108,"vgZy4DWkNGs","Linkwood \"Object\" - Boiler Room Debuts","2014-11-25",4797,69
32874,"Viag3g1OgRw","Bjarki \"I Wanna Go Bang\" - Boiler Room Debuts","2015-06-25",71976,894
19625,"Vla-8v3hJZ4","Lazare Hoche Boiler Room Paris DJ Set","2015-01-23",58838,569
17742,"vnY8OrNZs9s","New Jackson Boiler Room x Generator Dublin Live Set","2015-12-21",4408,99
17240,"VoI0b2Ndnr4","DJ Nobu Boiler Room x Dekmantel Festival DJ Set","2015-08-05",10281,122
13911,"vsPX1HgN6rM","Catz N Dogz Boiler Room Berlin DJ Set","2013-02-12",460332,2711
6427,"VvcWTcrkX7Y","Patrice Scott \"Hysteria\" - Boiler Room Debuts","2015-04-17",2095,48
1074,"vxZGyPycahE","Martyn B2B Gingy RBMA x 3024 Dovercourt Takeover Boiler Room Toronto DJ Set","2013-12-23",42138,312
10595,"vy-k0FopsmY","Carl Cox Boiler Room Ibiza Villa Takeovers DJ Set","2013-08-21",11256453,44041
22083,"W2Ask3mQTww","Bill Kouligas Boiler Room DJ Set","2013-04-24",7558,52
10381,"W8wHzeWPj1s","Roy Davis Jr Boiler Room London 45 Min DJ Set","2014-03-28",31161,249
16130,"wBEAeGHZGyQ","Hakim Murphy Boiler Room Chicago DJ Set","2015-12-03",1684,33
4253,"Wdnv6iTNFPE","D.K. Boiler Room Paris DJ Set","2015-01-30",10937,88
5956,"Wg1JxmeonFA","Skream B2B Artwork Boiler Room DJ Set - Red Bull Music Academy Takeover","2013-03-05",106061,702
1064,"WG35-7LpIAc","Laurent Garnier Boiler Room Lyon DJ set","2015-08-28",313704,2748
515,"wGb63nD6PHQ","Derrick Carter Boiler Room Chicago DJ Set","2015-05-20",25321,205
2478,"WhNd1iSoBt4","Move D B2B Optimo at RBMA x Boiler Room Berlin","2013-01-02",269576,1785
10954,"Wk5g_2GG_j4","Mike Dehnert Boiler Room DJ Set","2013-05-29",62690,479
11889,"WN8rMmYc7L4","Xosar Boiler Room LIVE Show at Dekmantel Festival","2013-08-30",373717,3004
5862,"wPIFUWOLc2A","Bicep Boiler Room x AVA Festival DJ Set","2015-06-17",148645,1264
871,"WQikysSEYzo","Breach 35 min Boiler Room DJ Set","2012-06-06",45221,326
16,"WQV1T3Y3RqY","Trevino Boiler Room x Dimensions DJ Set","2013-08-21",29518,217
31043,"wrb7mbNEvhs","Panthera Krause 'Rules' - Boiler Room Debuts","2014-08-15",6711,87
2911,"wtWhHmnEUxU","XDB Boiler Room Berlin DJ Set","2015-06-25",9989,110
24614,"WU0k08fGBdk","Karenn Boiler Room LIVE Show","2012-11-23",300401,2501
5862,"Wu4NQcpV9Yc","Bicep & Hammer \"Dahlia\" - Boiler Room Debuts","2015-08-18",38055,546
25997,"WUf3ZA3hsnY","Slimzee Boiler Room London DJ Set","2015-01-11",23020,251
5735,"wV9sMA-QiQs","The Revenge Boiler Room London DJ Set","2015-09-30",7284,77
8616,"Ww9VtKqprUY","Surgeon Boiler Room x Dekmantel Festival Live Set","2014-08-14",303084,1912
6779,"Wx4LBAn0-Ow","Joe Claussell Boiler Room Paris X Weather Festival DJ Set","2014-06-01",242130,1835
7759,"wxugeTXk7pc","Glenn Astro \"User's Guide To\" - Boiler Room Debuts","2015-03-03",4956,87
6059,"X-m_q0ZPos8","Truss Boiler Room DJ Set at Dekmantel Festival","2013-10-03",59281,451
10593,"X1cIqngBUCc","Eats Everything Boiler Room Bristol DJ Set","2015-02-20",150431,1068
26126,"X1DJZpekFVc","Logan Sama ft. D Double E, Newham Generals, Flowdan & Riko Dan Boiler Room London DJ Set","2014-08-31",114581,545
26412,"x2XOA2jvnaM","Denis Sulta Boiler Room Glasgow DJ Set","2015-08-10",21481,303
585,"x370-Ozc_Bc","Kerri Chandler Interview - Boiler Room X Southport Weekender","2014-06-04",5610,32
8681,"x75KZwudeag","DJ Stingray Boiler Room London 40 Min DJ Set","2014-03-28",35743,346
871,"X7zMv8MkY0M","Breach B2B Cinnaman Boiler Room Amsterdam DJ Set","2014-04-15",41106,346
5555,"X7zMv8MkY0M","Breach B2B Cinnaman Boiler Room Amsterdam DJ Set","2014-04-15",41106,346
13537,"X8VNLRDkmcg","Juan Maclean Boiler Room New York DJ Set","2013-05-07",46498,297
10994,"xb5tRh-bURU","Detroit Swindle Boiler Room DJ Set","2013-07-04",326521,2135
15649,"XbXCih61Sj4","Kyodai Boiler Room Berlin Live Set","2013-04-19",93399,882
18442,"xI09AqjD6a4","K15 Boiler Room London DJ Set","2014-12-01",8433,100
12250,"xigyn365SPA","Kangding Ray Boiler Room Berlin Live Set","2014-04-01",34933,304
2528,"xJSMf8hRWtA","Boris & Merzbow Boiler Room Tokyo Live Set","2014-07-07",20054,319
813,"xlQJ5QzdREY","Crazy P Boiler Room DJ Set","2013-03-12",78754,518
10825,"xnTviXfpe9c","French Fries \"Working on a Dream\" - Boiler Room Debuts","2015-11-27",2696,72
151,"xogJgUteDAs","Nina Kraviz Boiler Room Berlin DJ Set","2013-02-22",3204293,14062
19486,"xoiYw1fEJK4","Florian Kupfer Boiler Room Berlin Dj Set","2014-01-16",52900,462
34210,"XOZgGLOoxCA","Julia Holter 'Four Gardens' Boiler Room LIVE Show","2013-12-17",9430,34
1408,"xP4fib1cA5c","Oneman Boiler Room DJ Set/ Solitaire Vol. 1 Launch","2013-01-31",62864,378
1040,"xSH84m5ktUw","Adriatique Boiler Room Tulum DJ Set","2015-03-15",326655,1827
10958,"XSqm-06eWLc","Psyk Boiler Room & Ballantine's Stay True Spain DJ Set","2015-10-05",31423,367
19885,"XvX5TSPpe5M","Palms Trax 'Late Jam' - Boiler Room Debuts","2013-09-16",15585,184
1358,"XW6lxLUBu64","Octave One Boiler Room Moscow Live Set","2014-08-18",337939,2823
29962,"xW_1EJZR5gg","Howling Boiler Room LIVE Show performing 'Litmus'","2013-07-17",22104,169
8628,"XyUmOeBUasA","DVS1 50 min Boiler Room DJ Set at Decibel Festival","2012-10-22",194679,1290
1455,"Y0_QERaLOe0","S3A Boiler Room Paris X Weather Festival Paris DJ Set","2014-06-04",35163,225
13354,"y2s_PH25OB0","VRIL Boiler Room Berlin Live Set","2014-10-07",156382,1521
22807,"y4eOe1xLCvQ","Grischa Lichtenberger Boiler Room Berlin Live Set","2014-12-29",7070,83
12250,"Y8n1zvs424k","Kangding Ray Boiler Room Berlin Live Set","2014-11-04",21079,193
9120,"y8Ry1LeXg0Q","Djedjotronic Boiler Room Paris DJ Set","2013-11-13",47644,376
9789,"Ya7Tl1gR3bI","Green Velvet Boiler Room & Ballantine's Stay True Scotland DJ Set","2015-06-25",140240,1269
21986,"YCIlukeJlqI","HMOT Boiler Room Siberia Live Set","2015-10-27",2653,33
6484,"yh3ot0foaOw","Robert Bergman Boiler Room x Dekmantel Festival DJ Set","2015-09-16",5017,44
151,"YIcbIIHcx44","Nina Kraviz Boiler Room & Ballantine's Stay True Scotland DJ Set","2015-06-21",477943,3420
16918,"YIUbd0YkEtY","Heidi 50 min Boiler Room DJ Set at Warehouse Project","2012-10-10",99779,559
9612,"yMhn5CG3GBc","John Heckle live in the Boiler Room","2012-11-16",33998,303
585,"YnfgkocDJ-0","Kerri Chandler and Gilles Peterson Interview - Boiler Room X Southport Weekender","2014-06-04",3750,29
10378,"YnfgkocDJ-0","Kerri Chandler and Gilles Peterson Interview - Boiler Room X Southport Weekender","2014-06-04",3750,29
3286,"ynpqvEb93yc","Milton Bradley Boiler Room Berlin DJ Set","2013-06-10",49584,380
149,"YpoBFi7TKIA","Patrice Baumel Boiler Room Amsterdam DJ Set","2014-12-29",18577,145
26398,"yPXSxQoOKY8","Job Jobse Boiler Room Amsterdam DJ Set","2014-12-29",37752,217
7031,"YQULEZYbVvc","DJ Qu 45 min Boiler Room Berlin DJ Set","2012-08-07",30417,111
6691,"YqXALTUz0qY","ROD Boiler Room DJ Set at Dekmantel Festival","2013-10-03",56982,338
15568,"YSAlTtLkObE","DJ Tennis Boiler Room DJ Set","2013-03-12",132435,642
18643,"yTvYbhlpeAI","Marc Houle Boiler Room Berlin LIVE Show","2013-03-08",859474,5065
20098,"YUBalQr85b4","Rahaan Boiler Room DJ Set at ADE","2013-11-25",28717,202
1405,"Yus2T2A1Wbg","Phon.o live in the Boiler Room Berlin","2012-06-29",56004,477
26255,"YV0aEIVyuNE","Bradley Zero 65 min Boiler Room Broadcasts DJ Set at Dollop Detroit Series","2012-08-17",5691,44
11607,"YvcakE3Qx7w","Jus-Ed Boiler Room DJ Set at Warehouse Project","2013-12-02",21804,142
3061,"YvjBXpmwhmk","Session Victim live in the Boiler Room Berlin","2012-06-26",73295,603
6952,"z0s_BHFAs4I","DJ Bone Boiler Room x Bloc DJ Set","2015-05-17",15180,213
11941,"Z9m6HNP5Sg4","Icicle 40 min Boiler Room DJ Set","2012-08-14",27680,282
7572,"z9q-rCx7Y1c","Zadig Boiler Room Paris DJ Set","2014-07-08",198799,1428
15463,"ZatpTWxR-HE","Young Marco Boiler Room x Dekmantel Festival DJ Set","2015-09-15",13020,105
3296,"zbHKnjXsLco","Om Unit \"Spiritwerk\" - Boiler Room Debuts","2015-07-12",3777,115
8702,"ZC5EIaPmV_I","Leif Boiler Room London DJ Set","2014-05-07",9453,96
7668,"ZEIxh3KWwyI","Cinthie & Albert Vogt Boiler Room Berlin DJ Set","2014-07-11",302334,2372
5555,"zg_xmgoO5HA","Cinnaman 60 min Boiler Room x Colors DJ Set at Appelsap Festival","2012-07-30",16345,57
529,"zhGXEkjmIls","Tom Demac live in the Boiler Room","2012-08-22",49640,365
9257,"ZhNlwDUP_J4","Lapalux live in the Boiler Room at Warehouse Project x RBMA","2012-11-30",76487,796
155,"zIBBEggIXBw","Motor City Drum Ensemble Boiler Room London DJ Set","2013-05-07",630394,3389
22017,"ZkQBQn4Kvuk","Positive Centre Boiler Room Berlin Live Set","2014-04-01",12109,108
15753,"ZLzD0yQqt7s","Craig Richards 75 min Boiler Room DJ Set","2012-11-09",107925,672
26626,"zmqlJOb9yNc","Tiger & Woods Boiler Room London DJ Set","2015-09-30",37531,409
19768,"znMAloaLn3s","Mind Against Boiler Room Berlin DJ Set","2015-06-25",106318,1056
17522,"zqdrORpcCDk","xxxy Boiler Room DJ Set at Decibel Festival","2012-10-09",139703,771
26111,"Zs3-0hYL134","Logan Sama Boiler Room London DJ Set","2014-03-11",110853,916
159,"ZsLZTb53s0E","Mathew Jonson Boiler Room LIVE Show","2013-10-24",124254,967
20485,"ZS_9MWo5MRE","Akirahawks Boiler Room x Generator Berlin DJ Set","2015-08-17",10604,139
24963,"Zu5kqkpY50k","DJ Haus Boiler Room London DJ Set","2015-03-25",34080,398
16993,"zVHqWi0HfrE","Fort Romeau \"Untitled\" - Boiler Room Debuts","2015-10-24",6079,165
20107,"zWvp7877Tac","Hudson Mohawke Boiler Room & Benji B Present Deviation DJ Set","2015-04-07",37350,297
9104,"ZyOqiIKoMQw","Ellen Allien 70 min Boiler Room Berlin DJ Set","2012-11-16",671713,3421
5555,"ZZaWqH37qVI","Cinnaman Boiler Room DJ Set at Dekmantel Festival","2013-09-17",113617,523
10961,"zzQ3xcvC2a0","Lucy Boiler Room Berlin Daytime Session DJ Set","2014-03-20",37558,259
2003,"ZzQaTV8KL1Y","Innerspace Halflife Boiler Room LIVE Show","2013-03-27",12389,124
2623,"ZZrMTa98qBM","South London Ordnance Boiler Room DJ Set","2013-03-07",30972,229
306,"_Bk43oibIek","Luke Vibert Boiler Room St Petersburg Live Set","2014-10-24",84599,777
11268,"_e4AeGLrK9Q","Roman Lindau Boiler Room Berlin DJ Set","2015-08-04",10235,152
13038,"_HYsWDlNTC4","DJ Deep 50 min Boiler Room Mix at W Hotel Paris","2012-12-04",45802,217
6375,"_KRRXmHTsPU","John Daly Boiler Room x AVA Festival Live Set","2015-06-17",4375,59
18110,"_L7lWs--lhM","Cio D'Or Boiler Room Berlin DJ Set","2015-06-03",45763,452
4250,"_o7mud4u_A4","Joey Anderson Boiler Room x Dekmantel Festival DJ Set","2014-08-15",46033,277
16952,"_onwkU6Ck6g","Kim Ann Foxman Boiler Room NYC DJ Set","2014-03-18",39995,263
1365,"_qVAJBl8WTw","Purity Ring Boiler Room Montreal DJ Set","2013-05-28",406279,3270
13967,"_sc1pDh2YZo","Ashley Beedle Boiler Room DJ Set","2013-03-08",11598,117
3563,"_vGXgY428jU","Hieroglyphic Being Boiler Room London Live Set","2015-02-03",13958,125
